{
  "rooms": [
    {
      "csv_name": "大会議室",
      "id": "large-room",
      "display_name": "大会議室"
    },
    {
      "csv_name": "中会議室",
      "id": "medium-room",
      "display_name": "中会議室"
    },
    {
      "csv_name": "小会議室A",
      "id": "small-room-a",
      "display_name": "小会議室A"
    },
    {
      "csv_name": "小会議室B",
      "id": "small-room-b",
      "display_name": "小会議室B"
    }
  ],
  "internal_room_ids": [],
  "csv_column_mapping": {
    "booking_datetime": "利用日時(予約内容)",
    "room_name": "会議室(予約内容)",
    "display_name": "案内表示名(予約内容)",
    "company_name": "事業所名",
    "contact_person": "担当者名",
    "total_amount": "合計金額(予約内容)",
    "equipment": "備品(予約内容)"
  },
  "modal_fields": {
    "利用日時(予約内容)": "利用日時(予約内容)",
    "会議室(予約内容)": "会議室(予約内容)",
    "案内表示名(予約内容)": "案内表示名(予約内容)",
    "事業所名": "事業所名",
    "担当者名": "担当者名",
    "備品(予約内容)": "備品(予約内容)",
    "延長(予約内容)": "延長(予約内容)",
    "会員種別(予約内容)": "会員種別(予約内容)",
    "メモ": "メモ",
    "都道府県": "都道府県",
    "市区町村": "市区町村"
  },
  "data_split_rules": [],
  "hidden_room_ids": []
}